scheme_code,as_of_date,aum_crore
FS-LC-001,2021-01-29,3323.59
FS-LC-001,2021-02-26,3485.42
FS-LC-001,2021-03-31,3464.08
FS-LC-001,2021-04-30,3461.55
FS-LC-001,2021-05-31,3564.63
FS-LC-001,2021-06-30,3507.95
FS-LC-001,2021-07-30,3447.48
FS-LC-001,2021-08-31,3493.99
FS-LC-001,2021-09-30,3787.18
FS-LC-001,2021-10-29,3747.73
FS-LC-001,2021-11-30,3820.47
FS-LC-001,2021-12-31,3980.64
FS-LC-001,2022-01-31,4018.78
FS-LC-001,2022-02-28,4245.51
FS-LC-001,2022-03-31,4527.70
FS-LC-001,2022-04-29,4435.80
FS-LC-001,2022-05-31,5085.57
FS-LC-001,2022-06-30,4469.55
FS-LC-001,2022-07-29,4420.57
FS-LC-001,2022-08-31,4733.87
FS-LC-001,2022-09-30,5046.10
FS-LC-001,2022-10-31,5016.15
FS-LC-001,2022-11-30,4789.94
FS-LC-001,2022-12-30,4858.42
FS-LC-001,2023-01-31,4821.02
FS-LC-001,2023-02-28,5056.41
FS-LC-001,2023-03-31,5225.98
FS-LC-001,2023-04-28,5421.96
FS-LC-001,2023-05-31,5708.02
FS-LC-001,2023-06-30,5738.90
FS-LC-001,2023-07-31,6293.97
FS-LC-001,2023-08-31,6526.27
FS-LC-001,2023-09-29,6202.17
FS-LC-001,2023-10-31,6275.10
FS-LC-001,2023-11-30,6173.34
FS-LC-001,2023-12-29,6405.88
FS-LC-001,2024-01-31,6767.25
FS-LC-001,2024-02-29,7227.21
FS-LC-001,2024-03-29,7349.55
FS-LC-001,2024-04-30,7367.89
FS-LC-001,2024-05-31,7345.43
FS-LC-001,2024-06-28,7742.08
FS-LC-001,2024-07-31,8155.37
FS-LC-001,2024-08-30,8449.52
FS-LC-001,2024-09-30,7909.54
FS-LC-001,2024-10-31,7999.99
FS-LC-001,2024-11-29,8397.92
FS-LC-001,2024-12-31,8474.47
FS-LC-001,2025-01-31,9095.60
FS-LC-001,2025-02-28,9807.88
FS-LC-001,2025-03-31,9919.46
FS-LC-001,2025-04-30,10184.64
FS-LC-001,2025-05-30,10591.97
FS-LC-001,2025-06-30,10643.32
FS-LC-001,2025-07-31,10947.84
FS-LC-001,2025-08-29,11388.46
FS-LC-001,2025-09-30,11020.18
FS-LC-001,2025-10-31,11022.52
FS-LC-001,2025-11-28,11365.23
FS-LC-001,2025-12-31,11865.51
FS-LC-001,2026-01-30,12919.68
FS-LC-001,2026-02-27,13122.92
FS-LC-001,2026-03-31,12450.36
FS-LC-001,2026-04-30,12756.01
FS-LC-001,2026-05-29,11463.27
FS-LC-001,2026-06-30,11391.39
FS-LC-001,2026-07-31,11940.38
FS-LC-001,2026-08-31,11310.07
FS-LC-001,2026-09-30,10467.45
FS-MC-002,2021-01-29,4100.00
FS-MC-002,2021-02-26,4077.07
FS-MC-002,2021-03-31,3874.16
FS-MC-002,2021-04-30,3801.21
FS-MC-002,2021-05-31,4028.11
FS-MC-002,2021-06-30,4004.06
FS-MC-002,2021-07-30,4048.58
FS-MC-002,2021-08-31,4209.76
FS-MC-002,2021-09-30,4555.09
FS-MC-002,2021-10-29,4556.35
FS-MC-002,2021-11-30,4644.46
FS-MC-002,2021-12-31,4798.23
FS-MC-002,2022-01-31,4797.22
FS-MC-002,2022-02-28,5183.98
FS-MC-002,2022-03-31,5371.35
FS-MC-002,2022-04-29,5372.88
FS-MC-002,2022-05-31,6098.75
FS-MC-002,2022-06-30,5350.72
FS-MC-002,2022-07-29,5318.02
FS-MC-002,2022-08-31,5923.30
FS-MC-002,2022-09-30,6318.46
FS-MC-002,2022-10-31,6167.54
FS-MC-002,2022-11-30,6081.22
FS-MC-002,2022-12-30,6360.67
FS-MC-002,2023-01-31,6646.03
FS-MC-002,2023-02-28,6950.68
FS-MC-002,2023-03-31,7047.14
FS-MC-002,2023-04-28,7158.13
FS-MC-002,2023-05-31,7513.86
FS-MC-002,2023-06-30,8055.49
FS-MC-002,2023-07-31,9196.69
FS-MC-002,2023-08-31,9945.88
FS-MC-002,2023-09-29,9695.21
FS-MC-002,2023-10-31,9431.69
FS-MC-002,2023-11-30,9067.36
FS-MC-002,2023-12-29,9282.47
FS-MC-002,2024-01-31,9832.29
FS-MC-002,2024-02-29,10323.39
FS-MC-002,2024-03-29,10682.59
FS-MC-002,2024-04-30,10618.59
FS-MC-002,2024-05-31,10174.94
FS-MC-002,2024-06-28,11243.05
FS-MC-002,2024-07-31,11634.74
FS-MC-002,2024-08-30,11968.64
FS-MC-002,2024-09-30,10521.69
FS-MC-002,2024-10-31,11137.20
FS-MC-002,2024-11-29,11226.87
FS-MC-002,2024-12-31,11206.50
FS-MC-002,2025-01-31,11713.00
FS-MC-002,2025-02-28,13249.74
FS-MC-002,2025-03-31,13411.16
FS-MC-002,2025-04-30,13782.22
FS-MC-002,2025-05-30,13495.52
FS-MC-002,2025-06-30,13445.56
FS-MC-002,2025-07-31,13996.49
FS-MC-002,2025-08-29,13364.19
FS-MC-002,2025-09-30,12994.93
FS-MC-002,2025-10-31,13157.24
FS-MC-002,2025-11-28,14560.87
FS-MC-002,2025-12-31,14906.65
FS-MC-002,2026-01-30,15305.81
FS-MC-002,2026-02-27,15509.09
FS-MC-002,2026-03-31,14172.71
FS-MC-002,2026-04-30,14519.06
FS-MC-002,2026-05-29,12982.70
FS-MC-002,2026-06-30,13585.32
FS-MC-002,2026-07-31,14742.60
FS-MC-002,2026-08-31,13852.07
FS-MC-002,2026-09-30,12903.35
FS-SC-003,2022-03-31,450.00
FS-SC-003,2022-04-29,448.68
FS-SC-003,2022-05-31,521.13
FS-SC-003,2022-06-30,451.76
FS-SC-003,2022-07-29,458.89
FS-SC-003,2022-08-31,521.86
FS-SC-003,2022-09-30,537.80
FS-SC-003,2022-10-31,557.00
FS-SC-003,2022-11-30,568.67
FS-SC-003,2022-12-30,590.89
FS-SC-003,2023-01-31,601.13
FS-SC-003,2023-02-28,609.58
FS-SC-003,2023-03-31,581.17
FS-SC-003,2023-04-28,585.87
FS-SC-003,2023-05-31,604.38
FS-SC-003,2023-06-30,629.81
FS-SC-003,2023-07-31,706.45
FS-SC-003,2023-08-31,751.45
FS-SC-003,2023-09-29,722.88
FS-SC-003,2023-10-31,737.25
FS-SC-003,2023-11-30,741.27
FS-SC-003,2023-12-29,762.48
FS-SC-003,2024-01-31,835.79
FS-SC-003,2024-02-29,860.11
FS-SC-003,2024-03-29,963.87
FS-SC-003,2024-04-30,961.83
FS-SC-003,2024-05-31,933.45
FS-SC-003,2024-06-28,1015.01
FS-SC-003,2024-07-31,1074.63
FS-SC-003,2024-08-30,1126.75
FS-SC-003,2024-09-30,957.90
FS-SC-003,2024-10-31,971.57
FS-SC-003,2024-11-29,1032.29
FS-SC-003,2024-12-31,1026.62
FS-SC-003,2025-01-31,1092.40
FS-SC-003,2025-02-28,1192.02
FS-SC-003,2025-03-31,1199.05
FS-SC-003,2025-04-30,1146.36
FS-SC-003,2025-05-30,1249.71
FS-SC-003,2025-06-30,1284.57
FS-SC-003,2025-07-31,1351.56
FS-SC-003,2025-08-29,1400.95
FS-SC-003,2025-09-30,1298.41
FS-SC-003,2025-10-31,1296.56
FS-SC-003,2025-11-28,1373.35
FS-SC-003,2025-12-31,1431.66
FS-SC-003,2026-01-30,1630.92
FS-SC-003,2026-02-27,1712.98
FS-SC-003,2026-03-31,1587.32
FS-SC-003,2026-04-30,1650.05
FS-SC-003,2026-05-29,1517.01
FS-SC-003,2026-06-30,1633.87
FS-SC-003,2026-07-31,1810.45
FS-SC-003,2026-08-31,1694.53
FS-SC-003,2026-09-30,1454.93
FS-FX-004,2021-01-29,3800.00
FS-FX-004,2021-02-26,3870.84
FS-FX-004,2021-03-31,3751.60
FS-FX-004,2021-04-30,3714.72
FS-FX-004,2021-05-31,3870.01
FS-FX-004,2021-06-30,3719.51
FS-FX-004,2021-07-30,3602.96
FS-FX-004,2021-08-31,3717.49
FS-FX-004,2021-09-30,4061.00
FS-FX-004,2021-10-29,4031.73
FS-FX-004,2021-11-30,4165.52
FS-FX-004,2021-12-31,4439.12
FS-FX-004,2022-01-31,4391.23
FS-FX-004,2022-02-28,4667.97
FS-FX-004,2022-03-31,4919.41
FS-FX-004,2022-04-29,4752.52
FS-FX-004,2022-05-31,5516.00
FS-FX-004,2022-06-30,4829.31
FS-FX-004,2022-07-29,4782.94
FS-FX-004,2022-08-31,5248.25
FS-FX-004,2022-09-30,5602.73
FS-FX-004,2022-10-31,5475.27
FS-FX-004,2022-11-30,5298.74
FS-FX-004,2022-12-30,5427.79
FS-FX-004,2023-01-31,5667.94
FS-FX-004,2023-02-28,6032.84
FS-FX-004,2023-03-31,5828.39
FS-FX-004,2023-04-28,5933.41
FS-FX-004,2023-05-31,5964.96
FS-FX-004,2023-06-30,6151.69
FS-FX-004,2023-07-31,6633.28
FS-FX-004,2023-08-31,6860.98
FS-FX-004,2023-09-29,6619.10
FS-FX-004,2023-10-31,6494.64
FS-FX-004,2023-11-30,6363.52
FS-FX-004,2023-12-29,6565.76
FS-FX-004,2024-01-31,7172.39
FS-FX-004,2024-02-29,7535.08
FS-FX-004,2024-03-29,7556.05
FS-FX-004,2024-04-30,7589.32
FS-FX-004,2024-05-31,7586.72
FS-FX-004,2024-06-28,8076.02
FS-FX-004,2024-07-31,8599.76
FS-FX-004,2024-08-30,8576.75
FS-FX-004,2024-09-30,7985.84
FS-FX-004,2024-10-31,8087.37
FS-FX-004,2024-11-29,8364.82
FS-FX-004,2024-12-31,8172.86
FS-FX-004,2025-01-31,8827.80
FS-FX-004,2025-02-28,9826.01
FS-FX-004,2025-03-31,9954.18
FS-FX-004,2025-04-30,10023.10
FS-FX-004,2025-05-30,10106.94
FS-FX-004,2025-06-30,10219.68
FS-FX-004,2025-07-31,10422.65
FS-FX-004,2025-08-29,10816.77
FS-FX-004,2025-09-30,10413.02
FS-FX-004,2025-10-31,10320.15
FS-FX-004,2025-11-28,10754.68
FS-FX-004,2025-12-31,11078.39
FS-FX-004,2026-01-30,11793.66
FS-FX-004,2026-02-27,11959.86
FS-FX-004,2026-03-31,10839.39
FS-FX-004,2026-04-30,11235.08
FS-FX-004,2026-05-29,10082.23
FS-FX-004,2026-06-30,10422.53
FS-FX-004,2026-07-31,11129.64
FS-FX-004,2026-08-31,10423.27
FS-FX-004,2026-09-30,9842.73
FS-FX-004D,2021-01-29,620.00
FS-FX-004D,2021-02-26,627.76
FS-FX-004D,2021-03-31,600.13
FS-FX-004D,2021-04-30,583.23
FS-FX-004D,2021-05-31,599.05
FS-FX-004D,2021-06-30,597.34
FS-FX-004D,2021-07-30,598.59
FS-FX-004D,2021-08-31,645.32
FS-FX-004D,2021-09-30,697.61
FS-FX-004D,2021-10-29,714.76
FS-FX-004D,2021-11-30,724.50
FS-FX-004D,2021-12-31,759.78
FS-FX-004D,2022-01-31,758.35
FS-FX-004D,2022-02-28,798.75
FS-FX-004D,2022-03-31,847.21
FS-FX-004D,2022-04-29,844.06
FS-FX-004D,2022-05-31,979.40
FS-FX-004D,2022-06-30,843.62
FS-FX-004D,2022-07-29,814.67
FS-FX-004D,2022-08-31,892.61
FS-FX-004D,2022-09-30,949.97
FS-FX-004D,2022-10-31,918.00
FS-FX-004D,2022-11-30,886.57
FS-FX-004D,2022-12-30,898.16
FS-FX-004D,2023-01-31,919.94
FS-FX-004D,2023-02-28,961.18
FS-FX-004D,2023-03-31,927.13
FS-FX-004D,2023-04-28,953.50
FS-FX-004D,2023-05-31,984.35
FS-FX-004D,2023-06-30,1004.57
FS-FX-004D,2023-07-31,1124.16
FS-FX-004D,2023-08-31,1165.69
FS-FX-004D,2023-09-29,1118.05
FS-FX-004D,2023-10-31,1125.53
FS-FX-004D,2023-11-30,1105.72
FS-FX-004D,2023-12-29,1126.22
FS-FX-004D,2024-01-31,1165.51
FS-FX-004D,2024-02-29,1224.98
FS-FX-004D,2024-03-29,1255.02
FS-FX-004D,2024-04-30,1231.17
FS-FX-004D,2024-05-31,1227.76
FS-FX-004D,2024-06-28,1330.64
FS-FX-004D,2024-07-31,1388.56
FS-FX-004D,2024-08-30,1432.57
FS-FX-004D,2024-09-30,1327.79
FS-FX-004D,2024-10-31,1365.88
FS-FX-004D,2024-11-29,1428.67
FS-FX-004D,2024-12-31,1431.69
FS-FX-004D,2025-01-31,1578.66
FS-FX-004D,2025-02-28,1708.93
FS-FX-004D,2025-03-31,1614.91
FS-FX-004D,2025-04-30,1645.77
FS-FX-004D,2025-05-30,1678.26
FS-FX-004D,2025-06-30,1679.87
FS-FX-004D,2025-07-31,1730.42
FS-FX-004D,2025-08-29,1732.81
FS-FX-004D,2025-09-30,1679.69
FS-FX-004D,2025-10-31,1703.74
FS-FX-004D,2025-11-28,1774.95
FS-FX-004D,2025-12-31,1800.07
FS-FX-004D,2026-01-30,1884.22
FS-FX-004D,2026-02-27,1939.27
FS-FX-004D,2026-03-31,1781.67
FS-FX-004D,2026-04-30,1841.26
FS-FX-004D,2026-05-29,1644.88
FS-FX-004D,2026-06-30,1687.91
FS-FX-004D,2026-07-31,1751.55
FS-FX-004D,2026-08-31,1629.67
FS-FX-004D,2026-09-30,1467.43
FS-ELSS-005,2021-01-29,2900.00
FS-ELSS-005,2021-02-26,2977.43
FS-ELSS-005,2021-03-31,2843.48
FS-ELSS-005,2021-04-30,2779.41
FS-ELSS-005,2021-05-31,2853.45
FS-ELSS-005,2021-06-30,2828.73
FS-ELSS-005,2021-07-30,2818.75
FS-ELSS-005,2021-08-31,2930.74
FS-ELSS-005,2021-09-30,3187.08
FS-ELSS-005,2021-10-29,3163.23
FS-ELSS-005,2021-11-30,3248.55
FS-ELSS-005,2021-12-31,3380.58
FS-ELSS-005,2022-01-31,3453.07
FS-ELSS-005,2022-02-28,3632.54
FS-ELSS-005,2022-03-31,3733.27
FS-ELSS-005,2022-04-29,3657.18
FS-ELSS-005,2022-05-31,4357.90
FS-ELSS-005,2022-06-30,3768.59
FS-ELSS-005,2022-07-29,3678.44
FS-ELSS-005,2022-08-31,4085.80
FS-ELSS-005,2022-09-30,4400.84
FS-ELSS-005,2022-10-31,4375.28
FS-ELSS-005,2022-11-30,4289.55
FS-ELSS-005,2022-12-30,4598.02
FS-ELSS-005,2023-01-31,4695.83
FS-ELSS-005,2023-02-28,5050.32
FS-ELSS-005,2023-03-31,4949.05
FS-ELSS-005,2023-04-28,5175.40
FS-ELSS-005,2023-05-31,5361.27
FS-ELSS-005,2023-06-30,5502.42
FS-ELSS-005,2023-07-31,6139.83
FS-ELSS-005,2023-08-31,6240.23
FS-ELSS-005,2023-09-29,5961.94
FS-ELSS-005,2023-10-31,5894.98
FS-ELSS-005,2023-11-30,5770.02
FS-ELSS-005,2023-12-29,6084.29
FS-ELSS-005,2024-01-31,6531.22
FS-ELSS-005,2024-02-29,6892.36
FS-ELSS-005,2024-03-29,7003.35
FS-ELSS-005,2024-04-30,7124.91
FS-ELSS-005,2024-05-31,6883.88
FS-ELSS-005,2024-06-28,7435.58
FS-ELSS-005,2024-07-31,7855.68
FS-ELSS-005,2024-08-30,8224.49
FS-ELSS-005,2024-09-30,7254.48
FS-ELSS-005,2024-10-31,7460.33
FS-ELSS-005,2024-11-29,7921.30
FS-ELSS-005,2024-12-31,8028.70
FS-ELSS-005,2025-01-31,8774.25
FS-ELSS-005,2025-02-28,9891.26
FS-ELSS-005,2025-03-31,10073.53
FS-ELSS-005,2025-04-30,10105.20
FS-ELSS-005,2025-05-30,10255.99
FS-ELSS-005,2025-06-30,10242.22
FS-ELSS-005,2025-07-31,10529.53
FS-ELSS-005,2025-08-29,10767.24
FS-ELSS-005,2025-09-30,10102.20
FS-ELSS-005,2025-10-31,9796.46
FS-ELSS-005,2025-11-28,10248.90
FS-ELSS-005,2025-12-31,10364.60
FS-ELSS-005,2026-01-30,10865.46
FS-ELSS-005,2026-02-27,11214.17
FS-ELSS-005,2026-03-31,10268.51
FS-ELSS-005,2026-04-30,10733.90
FS-ELSS-005,2026-05-29,9588.97
FS-ELSS-005,2026-06-30,9912.53
FS-ELSS-005,2026-07-31,10474.10
FS-ELSS-005,2026-08-31,9721.10
FS-ELSS-005,2026-09-30,8880.35
FS-IDX-006,2021-01-29,900.00
FS-IDX-006,2021-02-26,906.80
FS-IDX-006,2021-03-31,890.26
FS-IDX-006,2021-04-30,876.89
FS-IDX-006,2021-05-31,911.07
FS-IDX-006,2021-06-30,899.98
FS-IDX-006,2021-07-30,916.91
FS-IDX-006,2021-08-31,982.82
FS-IDX-006,2021-09-30,1033.69
FS-IDX-006,2021-10-29,1013.02
FS-IDX-006,2021-11-30,1023.26
FS-IDX-006,2021-12-31,1056.71
FS-IDX-006,2022-01-31,1051.33
FS-IDX-006,2022-02-28,1091.81
FS-IDX-006,2022-03-31,1148.27
FS-IDX-006,2022-04-29,1142.29
FS-IDX-006,2022-05-31,1334.66
FS-IDX-006,2022-06-30,1177.14
FS-IDX-006,2022-07-29,1161.74
FS-IDX-006,2022-08-31,1244.53
FS-IDX-006,2022-09-30,1292.29
FS-IDX-006,2022-10-31,1267.19
FS-IDX-006,2022-11-30,1257.82
FS-IDX-006,2022-12-30,1321.68
FS-IDX-006,2023-01-31,1360.65
FS-IDX-006,2023-02-28,1449.03
FS-IDX-006,2023-03-31,1457.59
FS-IDX-006,2023-04-28,1519.22
FS-IDX-006,2023-05-31,1575.80
FS-IDX-006,2023-06-30,1636.12
FS-IDX-006,2023-07-31,1818.64
FS-IDX-006,2023-08-31,1871.06
FS-IDX-006,2023-09-29,1765.57
FS-IDX-006,2023-10-31,1773.07
FS-IDX-006,2023-11-30,1695.21
FS-IDX-006,2023-12-29,1745.09
FS-IDX-006,2024-01-31,1802.64
FS-IDX-006,2024-02-29,1879.97
FS-IDX-006,2024-03-29,1870.41
FS-IDX-006,2024-04-30,1889.72
FS-IDX-006,2024-05-31,1877.18
FS-IDX-006,2024-06-28,1991.56
FS-IDX-006,2024-07-31,2153.12
FS-IDX-006,2024-08-30,2225.87
FS-IDX-006,2024-09-30,2082.11
FS-IDX-006,2024-10-31,2126.24
FS-IDX-006,2024-11-29,2258.34
FS-IDX-006,2024-12-31,2275.23
FS-IDX-006,2025-01-31,2485.81
FS-IDX-006,2025-02-28,2788.57
FS-IDX-006,2025-03-31,2765.79
FS-IDX-006,2025-04-30,2783.48
FS-IDX-006,2025-05-30,2829.78
FS-IDX-006,2025-06-30,2839.57
FS-IDX-006,2025-07-31,2918.18
FS-IDX-006,2025-08-29,3012.41
FS-IDX-006,2025-09-30,2990.49
FS-IDX-006,2025-10-31,2930.24
FS-IDX-006,2025-11-28,3045.93
FS-IDX-006,2025-12-31,3150.52
FS-IDX-006,2026-01-30,3265.56
FS-IDX-006,2026-02-27,3317.65
FS-IDX-006,2026-03-31,3048.42
FS-IDX-006,2026-04-30,3138.68
FS-IDX-006,2026-05-29,2753.16
FS-IDX-006,2026-06-30,2828.64
FS-IDX-006,2026-07-31,2937.72
FS-IDX-006,2026-08-31,2742.16
FS-IDX-006,2026-09-30,2591.87
FS-DB-007,2021-01-29,2100.00
FS-DB-007,2021-02-26,2186.69
FS-DB-007,2021-03-31,2244.98
FS-DB-007,2021-04-30,2270.80
FS-DB-007,2021-05-31,2268.59
FS-DB-007,2021-06-30,2299.38
FS-DB-007,2021-07-30,2294.79
FS-DB-007,2021-08-31,2361.04
FS-DB-007,2021-09-30,2388.51
FS-DB-007,2021-10-29,2382.26
FS-DB-007,2021-11-30,2435.35
FS-DB-007,2021-12-31,2454.63
FS-DB-007,2022-01-31,2448.08
FS-DB-007,2022-02-28,2498.69
FS-DB-007,2022-03-31,2541.50
FS-DB-007,2022-04-29,2498.15
FS-DB-007,2022-05-31,2487.74
FS-DB-007,2022-06-30,2424.82
FS-DB-007,2022-07-29,2433.47
FS-DB-007,2022-08-31,2412.21
FS-DB-007,2022-09-30,2428.95
FS-DB-007,2022-10-31,2425.12
FS-DB-007,2022-11-30,2461.90
FS-DB-007,2022-12-30,2473.47
FS-DB-007,2023-01-31,2485.52
FS-DB-007,2023-02-28,2567.15
FS-DB-007,2023-03-31,2581.75
FS-DB-007,2023-04-28,2620.58
FS-DB-007,2023-05-31,2668.19
FS-DB-007,2023-06-30,2652.20
FS-DB-007,2023-07-31,2697.01
FS-DB-007,2023-08-31,2671.65
FS-DB-007,2023-09-29,2639.56
FS-DB-007,2023-10-31,2625.68
FS-DB-007,2023-11-30,2622.03
FS-DB-007,2023-12-29,2627.63
FS-DB-007,2024-01-31,2689.64
FS-DB-007,2024-02-29,2808.76
FS-DB-007,2024-03-29,2880.42
FS-DB-007,2024-04-30,2932.29
FS-DB-007,2024-05-31,2985.18
FS-DB-007,2024-06-28,3026.86
FS-DB-007,2024-07-31,3073.89
FS-DB-007,2024-08-30,3127.29
FS-DB-007,2024-09-30,3163.43
FS-DB-007,2024-10-31,3165.79
FS-DB-007,2024-11-29,3194.54
FS-DB-007,2024-12-31,3183.24
FS-DB-007,2025-01-31,3219.83
FS-DB-007,2025-02-28,3210.46
FS-DB-007,2025-03-31,3231.93
FS-DB-007,2025-04-30,3240.17
FS-DB-007,2025-05-30,3202.52
FS-DB-007,2025-06-30,3266.51
FS-DB-007,2025-07-31,3274.03
FS-DB-007,2025-08-29,3289.78
FS-DB-007,2025-09-30,3338.16
FS-DB-007,2025-10-31,3376.83
FS-DB-007,2025-11-28,3347.53
FS-DB-007,2025-12-31,3417.86
FS-DB-007,2026-01-30,3475.35
FS-DB-007,2026-02-27,3559.83
FS-DB-007,2026-03-31,3589.65
FS-DB-007,2026-04-30,3642.71
FS-DB-007,2026-05-29,3749.62
FS-DB-007,2026-06-30,3764.67
FS-DB-007,2026-07-31,3819.33
FS-DB-007,2026-08-31,3889.61
FS-DB-007,2026-09-30,3886.26
FS-LIQ-008,2021-01-29,15800.00
FS-LIQ-008,2021-02-26,16079.60
FS-LIQ-008,2021-03-31,15909.07
FS-LIQ-008,2021-04-30,16096.95
FS-LIQ-008,2021-05-31,16310.70
FS-LIQ-008,2021-06-30,16675.48
FS-LIQ-008,2021-07-30,16667.07
FS-LIQ-008,2021-08-31,16787.42
FS-LIQ-008,2021-09-30,17027.74
FS-LIQ-008,2021-10-29,17226.09
FS-LIQ-008,2021-11-30,16998.43
FS-LIQ-008,2021-12-31,17340.59
FS-LIQ-008,2022-01-31,17726.16
FS-LIQ-008,2022-02-28,18173.10
FS-LIQ-008,2022-03-31,18256.19
FS-LIQ-008,2022-04-29,18159.94
FS-LIQ-008,2022-05-31,18213.53
FS-LIQ-008,2022-06-30,18205.56
FS-LIQ-008,2022-07-29,18211.85
FS-LIQ-008,2022-08-31,18651.14
FS-LIQ-008,2022-09-30,18930.14
FS-LIQ-008,2022-10-31,19362.44
FS-LIQ-008,2022-11-30,19922.70
FS-LIQ-008,2022-12-30,19878.26
FS-LIQ-008,2023-01-31,20079.21
FS-LIQ-008,2023-02-28,20344.21
FS-LIQ-008,2023-03-31,20626.80
FS-LIQ-008,2023-04-28,20446.87
FS-LIQ-008,2023-05-31,20548.63
FS-LIQ-008,2023-06-30,20812.19
FS-LIQ-008,2023-07-31,21085.09
FS-LIQ-008,2023-08-31,20808.67
FS-LIQ-008,2023-09-29,21042.22
FS-LIQ-008,2023-10-31,21341.47
FS-LIQ-008,2023-11-30,21449.31
FS-LIQ-008,2023-12-29,21648.94
FS-LIQ-008,2024-01-31,22022.96
FS-LIQ-008,2024-02-29,22016.34
FS-LIQ-008,2024-03-29,22432.87
FS-LIQ-008,2024-04-30,23071.34
FS-LIQ-008,2024-05-31,23212.81
FS-LIQ-008,2024-06-28,23624.12
FS-LIQ-008,2024-07-31,23637.13
FS-LIQ-008,2024-08-30,23843.98
FS-LIQ-008,2024-09-30,24294.42
FS-LIQ-008,2024-10-31,24226.06
FS-LIQ-008,2024-11-29,24539.65
FS-LIQ-008,2024-12-31,24629.42
FS-LIQ-008,2025-01-31,24630.00
FS-LIQ-008,2025-02-28,25193.33
FS-LIQ-008,2025-03-31,25543.87
FS-LIQ-008,2025-04-30,25588.88
FS-LIQ-008,2025-05-30,25661.53
FS-LIQ-008,2025-06-30,25681.12
FS-LIQ-008,2025-07-31,25917.38
FS-LIQ-008,2025-08-29,26314.35
FS-LIQ-008,2025-09-30,26924.30
FS-LIQ-008,2025-10-31,26799.37
FS-LIQ-008,2025-11-28,26416.15
FS-LIQ-008,2025-12-31,26690.73
FS-LIQ-008,2026-01-30,27089.43
FS-LIQ-008,2026-02-27,27179.54
FS-LIQ-008,2026-03-31,27501.79
FS-LIQ-008,2026-04-30,26957.74
FS-LIQ-008,2026-05-29,26955.79
FS-LIQ-008,2026-06-30,27226.42
FS-LIQ-008,2026-07-31,27656.69
FS-LIQ-008,2026-08-31,27989.17
FS-LIQ-008,2026-09-30,27990.24
FS-BAF-009,2021-01-29,5200.00
FS-BAF-009,2021-02-26,5316.03
FS-BAF-009,2021-03-31,5332.10
FS-BAF-009,2021-04-30,5238.48
FS-BAF-009,2021-05-31,5354.95
FS-BAF-009,2021-06-30,5261.95
FS-BAF-009,2021-07-30,5284.33
FS-BAF-009,2021-08-31,5485.88
FS-BAF-009,2021-09-30,5790.94
FS-BAF-009,2021-10-29,5761.01
FS-BAF-009,2021-11-30,5762.91
FS-BAF-009,2021-12-31,6009.51
FS-BAF-009,2022-01-31,6149.51
FS-BAF-009,2022-02-28,6347.68
FS-BAF-009,2022-03-31,6595.97
FS-BAF-009,2022-04-29,6486.77
FS-BAF-009,2022-05-31,6738.15
FS-BAF-009,2022-06-30,6243.60
FS-BAF-009,2022-07-29,6291.24
FS-BAF-009,2022-08-31,6469.02
FS-BAF-009,2022-09-30,6675.18
FS-BAF-009,2022-10-31,6657.26
FS-BAF-009,2022-11-30,6666.06
FS-BAF-009,2022-12-30,6875.53
FS-BAF-009,2023-01-31,7015.31
FS-BAF-009,2023-02-28,7434.97
FS-BAF-009,2023-03-31,7389.45
FS-BAF-009,2023-04-28,7514.50
FS-BAF-009,2023-05-31,7616.65
FS-BAF-009,2023-06-30,7945.55
FS-BAF-009,2023-07-31,8486.56
FS-BAF-009,2023-08-31,8627.44
FS-BAF-009,2023-09-29,8438.98
FS-BAF-009,2023-10-31,8664.90
FS-BAF-009,2023-11-30,8640.12
FS-BAF-009,2023-12-29,8697.05
FS-BAF-009,2024-01-31,8830.39
FS-BAF-009,2024-02-29,9291.22
FS-BAF-009,2024-03-29,9461.32
FS-BAF-009,2024-04-30,9545.79
FS-BAF-009,2024-05-31,9546.75
FS-BAF-009,2024-06-28,9887.26
FS-BAF-009,2024-07-31,10487.35
FS-BAF-009,2024-08-30,10687.85
FS-BAF-009,2024-09-30,10513.65
FS-BAF-009,2024-10-31,10454.10
FS-BAF-009,2024-11-29,11019.34
FS-BAF-009,2024-12-31,10988.81
FS-BAF-009,2025-01-31,11456.05
FS-BAF-009,2025-02-28,11821.49
FS-BAF-009,2025-03-31,11924.72
FS-BAF-009,2025-04-30,12252.12
FS-BAF-009,2025-05-30,12327.33
FS-BAF-009,2025-06-30,12344.87
FS-BAF-009,2025-07-31,12309.29
FS-BAF-009,2025-08-29,12323.88
FS-BAF-009,2025-09-30,12262.89
FS-BAF-009,2025-10-31,12266.81
FS-BAF-009,2025-11-28,12285.99
FS-BAF-009,2025-12-31,12386.95
FS-BAF-009,2026-01-30,12518.03
FS-BAF-009,2026-02-27,12531.94
FS-BAF-009,2026-03-31,12058.65
FS-BAF-009,2026-04-30,12241.33
FS-BAF-009,2026-05-29,11858.32
FS-BAF-009,2026-06-30,12242.03
FS-BAF-009,2026-07-31,12616.09
FS-BAF-009,2026-08-31,12053.41
FS-BAF-009,2026-09-30,11675.76
