scheme_code,month,sip_inflow_crore,sip_accounts
FS-LC-001,2021-01-01,29.28,90905
FS-LC-001,2021-02-01,46.94,140367
FS-LC-001,2021-03-01,42.65,123230
FS-LC-001,2021-04-01,38.00,123439
FS-LC-001,2021-05-01,35.92,119157
FS-LC-001,2021-06-01,41.22,135603
FS-LC-001,2021-07-01,33.01,94230
FS-LC-001,2021-08-01,28.83,91778
FS-LC-001,2021-09-01,40.07,132502
FS-LC-001,2021-10-01,51.79,171127
FS-LC-001,2021-11-01,40.62,120919
FS-LC-001,2021-12-01,46.36,161057
FS-LC-001,2022-01-01,46.24,136064
FS-LC-001,2022-02-01,56.56,165059
FS-LC-001,2022-03-01,47.19,134149
FS-LC-001,2022-04-01,39.11,128036
FS-LC-001,2022-05-01,53.05,156172
FS-LC-001,2022-06-01,41.85,142117
FS-LC-001,2022-07-01,40.98,143125
FS-LC-001,2022-08-01,61.18,180795
FS-LC-001,2022-09-01,52.22,166979
FS-LC-001,2022-10-01,46.61,139241
FS-LC-001,2022-11-01,50.76,171722
FS-LC-001,2022-12-01,54.06,158386
FS-LC-001,2023-01-01,48.27,163074
FS-LC-001,2023-02-01,61.91,194002
FS-LC-001,2023-03-01,44.11,156834
FS-LC-001,2023-04-01,59.85,188520
FS-LC-001,2023-05-01,60.49,189337
FS-LC-001,2023-06-01,78.79,241079
FS-LC-001,2023-07-01,53.89,191793
FS-LC-001,2023-08-01,87.97,268401
FS-LC-001,2023-09-01,71.55,230647
FS-LC-001,2023-10-01,68.77,207030
FS-LC-001,2023-11-01,72.59,219499
FS-LC-001,2023-12-01,62.68,180853
FS-LC-001,2024-01-01,76.72,237143
FS-LC-001,2024-02-01,76.33,221927
FS-LC-001,2024-03-01,62.76,178939
FS-LC-001,2024-04-01,76.14,216951
FS-LC-001,2024-05-01,61.17,194075
FS-LC-001,2024-06-01,81.59,260670
FS-LC-001,2024-07-01,65.86,216519
FS-LC-001,2024-08-01,77.68,224857
FS-LC-001,2024-09-01,90.38,280181
FS-LC-001,2024-10-01,107.25,313072
FS-LC-001,2024-11-01,78.49,263420
FS-LC-001,2024-12-01,83.56,244862
FS-LC-001,2025-01-01,74.13,210068
FS-LC-001,2025-02-01,100.12,315394
FS-LC-001,2025-03-01,135.66,461901
FS-LC-001,2025-04-01,116.21,368917
FS-LC-001,2025-05-01,98.78,304718
FS-LC-001,2025-06-01,115.46,353917
FS-LC-001,2025-07-01,110.46,322894
FS-LC-001,2025-08-01,151.38,464527
FS-LC-001,2025-09-01,96.38,294121
FS-LC-001,2025-10-01,145.83,476796
FS-LC-001,2025-11-01,157.09,506343
FS-LC-001,2025-12-01,160.92,489932
FS-LC-001,2026-01-01,103.91,341748
FS-LC-001,2026-02-01,182.86,647368
FS-LC-001,2026-03-01,123.29,424491
FS-LC-001,2026-04-01,125.13,446043
FS-LC-001,2026-05-01,118.78,353193
FS-LC-001,2026-06-01,96.55,270175
FS-LC-001,2026-07-01,107.74,326572
FS-LC-001,2026-08-01,112.48,385435
FS-LC-001,2026-09-01,99.50,327962
FS-MC-002,2021-01-01,50.00,147359
FS-MC-002,2021-02-01,36.67,113848
FS-MC-002,2021-03-01,50.52,149710
FS-MC-002,2021-04-01,47.54,159283
FS-MC-002,2021-05-01,56.36,160095
FS-MC-002,2021-06-01,53.13,169849
FS-MC-002,2021-07-01,41.97,123523
FS-MC-002,2021-08-01,51.60,157476
FS-MC-002,2021-09-01,58.92,167469
FS-MC-002,2021-10-01,53.38,148893
FS-MC-002,2021-11-01,63.82,207966
FS-MC-002,2021-12-01,43.68,138822
FS-MC-002,2022-01-01,53.11,151303
FS-MC-002,2022-02-01,68.01,232593
FS-MC-002,2022-03-01,55.57,156386
FS-MC-002,2022-04-01,58.84,194036
FS-MC-002,2022-05-01,56.73,201903
FS-MC-002,2022-06-01,45.70,136503
FS-MC-002,2022-07-01,49.96,149361
FS-MC-002,2022-08-01,60.88,192930
FS-MC-002,2022-09-01,50.69,160639
FS-MC-002,2022-10-01,52.11,146035
FS-MC-002,2022-11-01,53.20,180517
FS-MC-002,2022-12-01,59.20,198180
FS-MC-002,2023-01-01,53.20,155623
FS-MC-002,2023-02-01,86.93,254265
FS-MC-002,2023-03-01,65.32,227710
FS-MC-002,2023-04-01,97.17,312317
FS-MC-002,2023-05-01,75.50,225558
FS-MC-002,2023-06-01,76.54,258650
FS-MC-002,2023-07-01,116.49,336366
FS-MC-002,2023-08-01,113.32,378353
FS-MC-002,2023-09-01,99.29,285513
FS-MC-002,2023-10-01,96.50,284713
FS-MC-002,2023-11-01,120.83,425487
FS-MC-002,2023-12-01,76.66,227844
FS-MC-002,2024-01-01,108.73,328849
FS-MC-002,2024-02-01,140.20,410011
FS-MC-002,2024-03-01,112.37,347847
FS-MC-002,2024-04-01,146.95,493739
FS-MC-002,2024-05-01,109.02,303196
FS-MC-002,2024-06-01,110.58,334741
FS-MC-002,2024-07-01,118.67,342887
FS-MC-002,2024-08-01,127.09,376582
FS-MC-002,2024-09-01,128.54,397193
FS-MC-002,2024-10-01,93.93,293989
FS-MC-002,2024-11-01,118.15,350868
FS-MC-002,2024-12-01,101.23,307922
FS-MC-002,2025-01-01,120.52,424066
FS-MC-002,2025-02-01,156.66,544167
FS-MC-002,2025-03-01,177.19,545829
FS-MC-002,2025-04-01,129.96,432278
FS-MC-002,2025-05-01,156.61,496547
FS-MC-002,2025-06-01,150.17,499159
FS-MC-002,2025-07-01,127.43,450759
FS-MC-002,2025-08-01,124.94,372246
FS-MC-002,2025-09-01,127.69,380538
FS-MC-002,2025-10-01,119.75,422589
FS-MC-002,2025-11-01,167.30,505731
FS-MC-002,2025-12-01,123.09,346425
FS-MC-002,2026-01-01,203.32,580315
FS-MC-002,2026-02-01,146.28,467059
FS-MC-002,2026-03-01,153.38,500474
FS-MC-002,2026-04-01,130.00,408931
FS-MC-002,2026-05-01,107.42,342867
FS-MC-002,2026-06-01,125.41,410102
FS-MC-002,2026-07-01,145.40,420765
FS-MC-002,2026-08-01,115.75,387229
FS-MC-002,2026-09-01,130.43,451660
FS-SC-003,2022-03-01,3.99,12875
FS-SC-003,2022-04-01,3.70,12209
FS-SC-003,2022-05-01,5.47,16444
FS-SC-003,2022-06-01,3.67,10199
FS-SC-003,2022-07-01,5.40,15692
FS-SC-003,2022-08-01,6.78,19056
FS-SC-003,2022-09-01,6.13,17263
FS-SC-003,2022-10-01,7.42,21105
FS-SC-003,2022-11-01,4.98,16695
FS-SC-003,2022-12-01,6.46,20872
FS-SC-003,2023-01-01,8.27,29465
FS-SC-003,2023-02-01,6.46,19838
FS-SC-003,2023-03-01,4.80,16891
FS-SC-003,2023-04-01,5.77,17433
FS-SC-003,2023-05-01,7.64,25957
FS-SC-003,2023-06-01,8.33,26211
FS-SC-003,2023-07-01,9.29,30900
FS-SC-003,2023-08-01,8.63,24797
FS-SC-003,2023-09-01,6.61,23449
FS-SC-003,2023-10-01,7.50,22384
FS-SC-003,2023-11-01,6.44,18066
FS-SC-003,2023-12-01,9.16,25669
FS-SC-003,2024-01-01,9.80,30941
FS-SC-003,2024-02-01,11.68,38838
FS-SC-003,2024-03-01,13.21,46410
FS-SC-003,2024-04-01,10.88,30667
FS-SC-003,2024-05-01,10.17,34896
FS-SC-003,2024-06-01,11.42,39155
FS-SC-003,2024-07-01,9.12,25985
FS-SC-003,2024-08-01,12.21,40496
FS-SC-003,2024-09-01,11.89,41288
FS-SC-003,2024-10-01,11.34,31557
FS-SC-003,2024-11-01,10.28,33264
FS-SC-003,2024-12-01,14.35,41367
FS-SC-003,2025-01-01,10.08,30364
FS-SC-003,2025-02-01,13.87,39571
FS-SC-003,2025-03-01,14.43,44277
FS-SC-003,2025-04-01,14.26,40087
FS-SC-003,2025-05-01,14.26,49131
FS-SC-003,2025-06-01,15.51,47550
FS-SC-003,2025-07-01,17.35,54644
FS-SC-003,2025-08-01,12.60,41340
FS-SC-003,2025-09-01,17.96,53250
FS-SC-003,2025-10-01,10.52,33114
FS-SC-003,2025-11-01,16.40,55945
FS-SC-003,2025-12-01,19.57,58012
FS-SC-003,2026-01-01,15.11,42966
FS-SC-003,2026-02-01,21.32,63689
FS-SC-003,2026-03-01,19.21,59573
FS-SC-003,2026-04-01,15.41,51110
FS-SC-003,2026-05-01,16.48,47960
FS-SC-003,2026-06-01,17.85,53268
FS-SC-003,2026-07-01,24.84,76359
FS-SC-003,2026-08-01,21.02,65479
FS-SC-003,2026-09-01,12.18,38290
FS-FX-004,2021-01-01,31.51,91134
FS-FX-004,2021-02-01,42.55,121636
FS-FX-004,2021-03-01,30.24,90979
FS-FX-004,2021-04-01,50.23,166622
FS-FX-004,2021-05-01,34.06,111341
FS-FX-004,2021-06-01,31.40,106376
FS-FX-004,2021-07-01,42.84,150046
FS-FX-004,2021-08-01,41.24,120980
FS-FX-004,2021-09-01,45.53,142534
FS-FX-004,2021-10-01,44.05,125620
FS-FX-004,2021-11-01,46.41,157353
FS-FX-004,2021-12-01,56.74,193129
FS-FX-004,2022-01-01,48.75,157016
FS-FX-004,2022-02-01,59.64,210689
FS-FX-004,2022-03-01,58.82,205761
FS-FX-004,2022-04-01,44.07,149542
FS-FX-004,2022-05-01,52.94,177433
FS-FX-004,2022-06-01,51.02,151565
FS-FX-004,2022-07-01,46.74,150178
FS-FX-004,2022-08-01,69.56,219133
FS-FX-004,2022-09-01,48.81,139856
FS-FX-004,2022-10-01,72.54,206967
FS-FX-004,2022-11-01,67.62,212616
FS-FX-004,2022-12-01,70.24,197334
FS-FX-004,2023-01-01,63.28,210117
FS-FX-004,2023-02-01,75.33,228706
FS-FX-004,2023-03-01,74.57,228234
FS-FX-004,2023-04-01,67.52,235310
FS-FX-004,2023-05-01,66.27,227834
FS-FX-004,2023-06-01,64.34,211485
FS-FX-004,2023-07-01,58.54,164637
FS-FX-004,2023-08-01,76.01,263035
FS-FX-004,2023-09-01,81.65,242412
FS-FX-004,2023-10-01,79.43,237925
FS-FX-004,2023-11-01,88.85,255233
FS-FX-004,2023-12-01,79.20,230933
FS-FX-004,2024-01-01,89.86,305169
FS-FX-004,2024-02-01,66.60,195092
FS-FX-004,2024-03-01,79.20,223262
FS-FX-004,2024-04-01,104.73,301703
FS-FX-004,2024-05-01,89.85,294827
FS-FX-004,2024-06-01,92.96,273622
FS-FX-004,2024-07-01,99.91,310534
FS-FX-004,2024-08-01,88.64,262336
FS-FX-004,2024-09-01,111.08,317253
FS-FX-004,2024-10-01,69.04,229649
FS-FX-004,2024-11-01,109.22,354689
FS-FX-004,2024-12-01,89.19,263915
FS-FX-004,2025-01-01,91.87,265784
FS-FX-004,2025-02-01,96.98,313202
FS-FX-004,2025-03-01,84.10,281087
FS-FX-004,2025-04-01,115.77,360130
FS-FX-004,2025-05-01,132.87,408400
FS-FX-004,2025-06-01,131.82,462253
FS-FX-004,2025-07-01,134.23,469064
FS-FX-004,2025-08-01,132.26,409111
FS-FX-004,2025-09-01,97.63,282523
FS-FX-004,2025-10-01,141.94,401128
FS-FX-004,2025-11-01,120.05,426303
FS-FX-004,2025-12-01,128.39,364531
FS-FX-004,2026-01-01,141.17,419969
FS-FX-004,2026-02-01,103.10,318496
FS-FX-004,2026-03-01,98.26,279321
FS-FX-004,2026-04-01,137.04,450819
FS-FX-004,2026-05-01,121.75,409322
FS-FX-004,2026-06-01,87.37,272968
FS-FX-004,2026-07-01,99.94,284592
FS-FX-004,2026-08-01,95.12,331957
FS-FX-004,2026-09-01,90.18,310492
FS-ELSS-005,2021-01-01,26.58,81316
FS-ELSS-005,2021-02-01,31.85,100328
FS-ELSS-005,2021-03-01,28.89,97784
FS-ELSS-005,2021-04-01,31.24,92816
FS-ELSS-005,2021-05-01,37.12,118109
FS-ELSS-005,2021-06-01,34.08,101492
FS-ELSS-005,2021-07-01,37.06,127337
FS-ELSS-005,2021-08-01,35.46,106627
FS-ELSS-005,2021-09-01,28.70,94455
FS-ELSS-005,2021-10-01,26.58,91481
FS-ELSS-005,2021-11-01,35.01,117114
FS-ELSS-005,2021-12-01,37.38,129067
FS-ELSS-005,2022-01-01,41.72,120773
FS-ELSS-005,2022-02-01,40.50,115926
FS-ELSS-005,2022-03-01,44.76,135678
FS-ELSS-005,2022-04-01,31.62,90900
FS-ELSS-005,2022-05-01,42.79,123504
FS-ELSS-005,2022-06-01,32.27,98253
FS-ELSS-005,2022-07-01,49.85,171738
FS-ELSS-005,2022-08-01,55.94,193473
FS-ELSS-005,2022-09-01,53.44,184247
FS-ELSS-005,2022-10-01,52.44,167138
FS-ELSS-005,2022-11-01,54.40,183064
FS-ELSS-005,2022-12-01,47.90,152076
FS-ELSS-005,2023-01-01,57.07,192894
FS-ELSS-005,2023-02-01,47.86,146076
FS-ELSS-005,2023-03-01,51.27,146264
FS-ELSS-005,2023-04-01,45.90,147496
FS-ELSS-005,2023-05-01,59.50,176547
FS-ELSS-005,2023-06-01,53.58,153467
FS-ELSS-005,2023-07-01,67.47,218920
FS-ELSS-005,2023-08-01,57.38,176409
FS-ELSS-005,2023-09-01,70.46,230437
FS-ELSS-005,2023-10-01,60.23,169417
FS-ELSS-005,2023-11-01,74.85,212543
FS-ELSS-005,2023-12-01,71.73,226003
FS-ELSS-005,2024-01-01,58.88,178210
FS-ELSS-005,2024-02-01,93.82,281817
FS-ELSS-005,2024-03-01,64.50,192752
FS-ELSS-005,2024-04-01,97.76,303934
FS-ELSS-005,2024-05-01,73.02,205669
FS-ELSS-005,2024-06-01,92.80,284547
FS-ELSS-005,2024-07-01,89.22,312128
FS-ELSS-005,2024-08-01,94.12,317930
FS-ELSS-005,2024-09-01,95.82,309857
FS-ELSS-005,2024-10-01,101.36,350122
FS-ELSS-005,2024-11-01,84.37,273550
FS-ELSS-005,2024-12-01,80.69,243427
FS-ELSS-005,2025-01-01,71.15,245286
FS-ELSS-005,2025-02-01,101.86,352636
FS-ELSS-005,2025-03-01,100.67,294733
FS-ELSS-005,2025-04-01,110.30,363553
FS-ELSS-005,2025-05-01,124.45,409119
FS-ELSS-005,2025-06-01,84.13,249147
FS-ELSS-005,2025-07-01,117.52,358604
FS-ELSS-005,2025-08-01,118.50,396409
FS-ELSS-005,2025-09-01,126.22,366968
FS-ELSS-005,2025-10-01,108.68,337243
FS-ELSS-005,2025-11-01,113.57,347641
FS-ELSS-005,2025-12-01,129.70,363350
FS-ELSS-005,2026-01-01,139.40,406254
FS-ELSS-005,2026-02-01,156.16,526349
FS-ELSS-005,2026-03-01,139.04,436359
FS-ELSS-005,2026-04-01,105.48,345774
FS-ELSS-005,2026-05-01,104.35,321885
FS-ELSS-005,2026-06-01,132.82,446310
FS-ELSS-005,2026-07-01,131.93,394080
FS-ELSS-005,2026-08-01,82.28,239289
FS-ELSS-005,2026-09-01,75.94,223970
FS-IDX-006,2021-01-01,8.29,24422
FS-IDX-006,2021-02-01,9.00,29270
FS-IDX-006,2021-03-01,7.78,24314
FS-IDX-006,2021-04-01,10.59,34619
FS-IDX-006,2021-05-01,9.30,30800
FS-IDX-006,2021-06-01,12.27,41270
FS-IDX-006,2021-07-01,11.50,40498
FS-IDX-006,2021-08-01,12.40,41988
FS-IDX-006,2021-09-01,9.91,29402
FS-IDX-006,2021-10-01,12.42,40819
FS-IDX-006,2021-11-01,13.48,44312
FS-IDX-006,2021-12-01,13.39,42066
FS-IDX-006,2022-01-01,14.50,42080
FS-IDX-006,2022-02-01,12.94,45240
FS-IDX-006,2022-03-01,12.76,41086
FS-IDX-006,2022-04-01,14.79,49339
FS-IDX-006,2022-05-01,18.67,57448
FS-IDX-006,2022-06-01,11.38,33934
FS-IDX-006,2022-07-01,10.38,32167
FS-IDX-006,2022-08-01,12.87,43466
FS-IDX-006,2022-09-01,15.17,45063
FS-IDX-006,2022-10-01,13.16,36581
FS-IDX-006,2022-11-01,12.50,36294
FS-IDX-006,2022-12-01,14.79,45897
FS-IDX-006,2023-01-01,11.66,41336
FS-IDX-006,2023-02-01,12.27,38732
FS-IDX-006,2023-03-01,14.13,43027
FS-IDX-006,2023-04-01,18.15,50679
FS-IDX-006,2023-05-01,17.83,51390
FS-IDX-006,2023-06-01,13.32,42524
FS-IDX-006,2023-07-01,22.41,66221
FS-IDX-006,2023-08-01,19.28,68695
FS-IDX-006,2023-09-01,16.12,49520
FS-IDX-006,2023-10-01,18.60,62372
FS-IDX-006,2023-11-01,22.48,79056
FS-IDX-006,2023-12-01,15.08,52050
FS-IDX-006,2024-01-01,17.92,59664
FS-IDX-006,2024-02-01,16.65,56061
FS-IDX-006,2024-03-01,15.00,51370
FS-IDX-006,2024-04-01,18.95,65413
FS-IDX-006,2024-05-01,20.26,59873
FS-IDX-006,2024-06-01,17.58,53322
FS-IDX-006,2024-07-01,26.02,73051
FS-IDX-006,2024-08-01,21.43,70994
FS-IDX-006,2024-09-01,27.97,87185
FS-IDX-006,2024-10-01,20.17,70530
FS-IDX-006,2024-11-01,24.09,69539
FS-IDX-006,2024-12-01,23.03,76519
FS-IDX-006,2025-01-01,21.03,61263
FS-IDX-006,2025-02-01,29.44,83895
FS-IDX-006,2025-03-01,29.78,95669
FS-IDX-006,2025-04-01,30.86,88510
FS-IDX-006,2025-05-01,25.61,77814
FS-IDX-006,2025-06-01,24.28,71355
FS-IDX-006,2025-07-01,24.62,85353
FS-IDX-006,2025-08-01,33.69,95717
FS-IDX-006,2025-09-01,39.10,126266
FS-IDX-006,2025-10-01,34.95,105022
FS-IDX-006,2025-11-01,42.33,150900
FS-IDX-006,2025-12-01,33.76,107250
FS-IDX-006,2026-01-01,35.06,117428
FS-IDX-006,2026-02-01,40.26,122775
FS-IDX-006,2026-03-01,29.31,99203
FS-IDX-006,2026-04-01,35.10,104928
FS-IDX-006,2026-05-01,35.73,103183
FS-IDX-006,2026-06-01,23.06,72115
FS-IDX-006,2026-07-01,40.73,132205
FS-IDX-006,2026-08-01,36.31,122791
FS-IDX-006,2026-09-01,25.95,76673
FS-BAF-009,2021-01-01,65.95,198923
FS-BAF-009,2021-02-01,51.25,162575
FS-BAF-009,2021-03-01,46.56,138279
FS-BAF-009,2021-04-01,54.17,186843
FS-BAF-009,2021-05-01,72.53,232368
FS-BAF-009,2021-06-01,72.96,226272
FS-BAF-009,2021-07-01,64.75,215868
FS-BAF-009,2021-08-01,71.79,210923
FS-BAF-009,2021-09-01,68.75,208196
FS-BAF-009,2021-10-01,54.18,172469
FS-BAF-009,2021-11-01,71.21,226982
FS-BAF-009,2021-12-01,62.44,201261
FS-BAF-009,2022-01-01,62.83,220975
FS-BAF-009,2022-02-01,85.93,280108
FS-BAF-009,2022-03-01,53.97,156204
FS-BAF-009,2022-04-01,53.07,153317
FS-BAF-009,2022-05-01,73.60,261086
FS-BAF-009,2022-06-01,82.87,257860
FS-BAF-009,2022-07-01,87.81,285088
FS-BAF-009,2022-08-01,52.71,182645
FS-BAF-009,2022-09-01,61.73,202546
FS-BAF-009,2022-10-01,84.83,280180
FS-BAF-009,2022-11-01,77.89,242124
FS-BAF-009,2022-12-01,55.46,155624
FS-BAF-009,2023-01-01,60.27,211833
FS-BAF-009,2023-02-01,88.00,260102
FS-BAF-009,2023-03-01,71.45,205293
FS-BAF-009,2023-04-01,83.85,299241
FS-BAF-009,2023-05-01,89.12,253526
FS-BAF-009,2023-06-01,97.06,339308
FS-BAF-009,2023-07-01,83.74,246188
FS-BAF-009,2023-08-01,89.75,258808
FS-BAF-009,2023-09-01,99.33,327788
FS-BAF-009,2023-10-01,117.81,330808
FS-BAF-009,2023-11-01,113.91,363738
FS-BAF-009,2023-12-01,76.67,262492
FS-BAF-009,2024-01-01,103.42,306023
FS-BAF-009,2024-02-01,89.64,261499
FS-BAF-009,2024-03-01,117.88,396905
FS-BAF-009,2024-04-01,121.82,354957
FS-BAF-009,2024-05-01,90.19,289143
FS-BAF-009,2024-06-01,88.03,250797
FS-BAF-009,2024-07-01,142.33,442287
FS-BAF-009,2024-08-01,118.14,337879
FS-BAF-009,2024-09-01,135.59,463207
FS-BAF-009,2024-10-01,103.38,320355
FS-BAF-009,2024-11-01,90.10,258956
FS-BAF-009,2024-12-01,101.49,333986
FS-BAF-009,2025-01-01,105.67,330103
FS-BAF-009,2025-02-01,105.49,339010
FS-BAF-009,2025-03-01,152.35,449071
FS-BAF-009,2025-04-01,135.27,419377
FS-BAF-009,2025-05-01,133.43,406175
FS-BAF-009,2025-06-01,168.96,584802
FS-BAF-009,2025-07-01,152.53,434124
FS-BAF-009,2025-08-01,167.32,546151
FS-BAF-009,2025-09-01,155.05,432016
FS-BAF-009,2025-10-01,136.70,461508
FS-BAF-009,2025-11-01,118.86,375212
FS-BAF-009,2025-12-01,147.83,452248
FS-BAF-009,2026-01-01,138.65,400031
FS-BAF-009,2026-02-01,163.70,531619
FS-BAF-009,2026-03-01,125.48,409979
FS-BAF-009,2026-04-01,106.82,359982
FS-BAF-009,2026-05-01,139.75,482235
FS-BAF-009,2026-06-01,162.03,542760
FS-BAF-009,2026-07-01,127.53,389381
FS-BAF-009,2026-08-01,96.80,278111
FS-BAF-009,2026-09-01,123.07,399363
